Project Name,Benchmark Name,Count,Direct Count,Methods,Direct Methods
eclipse-collections,org.eclipse.collections.impl.jmh.AggregateByTest.aggregateByAccount_parallel_eager_ec,0,0,,
eclipse-collections,org.eclipse.collections.impl.jmh.AggregateByTest.aggregateByAccount_parallel_lazy_ec,0,0,,
eclipse-collections,org.eclipse.collections.impl.jmh.AggregateByTest.aggregateByAccount_parallel_lazy_jdk,0,0,,
eclipse-collections,org.eclipse.collections.impl.jmh.AggregateByTest.aggregateByAccount_parallel_lazy_streams_ec,0,0,,
eclipse-collections,org.eclipse.collections.impl.jmh.AggregateByTest.aggregateByAccount_serial_eager_ec,0,0,,
eclipse-collections,org.eclipse.collections.impl.jmh.AggregateByTest.aggregateByAccount_serial_lazy_ec,0,0,,
eclipse-collections,org.eclipse.collections.impl.jmh.AggregateByTest.aggregateByAccount_serial_lazy_jdk,0,0,,
eclipse-collections,org.eclipse.collections.impl.jmh.AggregateByTest.aggregateByAccount_serial_lazy_streams_ec,0,0,,
eclipse-collections,org.eclipse.collections.impl.jmh.AggregateByTest.aggregateByCategory_parallel_eager_ec,0,0,,
eclipse-collections,org.eclipse.collections.impl.jmh.AggregateByTest.aggregateByCategory_parallel_lazy_ec,0,0,,
eclipse-collections,org.eclipse.collections.impl.jmh.AggregateByTest.aggregateByCategory_parallel_lazy_jdk,0,0,,
eclipse-collections,org.eclipse.collections.impl.jmh.AggregateByTest.aggregateByCategory_parallel_lazy_streams_ec,0,0,,
eclipse-collections,org.eclipse.collections.impl.jmh.AggregateByTest.aggregateByCategory_serial_eager_ec,0,0,,
eclipse-collections,org.eclipse.collections.impl.jmh.AggregateByTest.aggregateByCategory_serial_lazy_ec,0,0,,
eclipse-collections,org.eclipse.collections.impl.jmh.AggregateByTest.aggregateByCategory_serial_lazy_jdk,0,0,,
eclipse-collections,org.eclipse.collections.impl.jmh.AggregateByTest.aggregateByCategory_serial_lazy_streams_ec,0,0,,
eclipse-collections,org.eclipse.collections.impl.jmh.AggregateByTest.aggregateByProduct_parallel_eager_ec,0,0,,
eclipse-collections,org.eclipse.collections.impl.jmh.AggregateByTest.aggregateByProduct_parallel_lazy_ec,0,0,,
eclipse-collections,org.eclipse.collections.impl.jmh.AggregateByTest.aggregateByProduct_parallel_lazy_jdk,0,0,,
eclipse-collections,org.eclipse.collections.impl.jmh.AggregateByTest.aggregateByProduct_parallel_lazy_streams_ec,0,0,,
eclipse-collections,org.eclipse.collections.impl.jmh.AggregateByTest.aggregateByProduct_serial_eager_ec,0,0,,
eclipse-collections,org.eclipse.collections.impl.jmh.AggregateByTest.aggregateByProduct_serial_lazy_ec,0,0,,
eclipse-collections,org.eclipse.collections.impl.jmh.AggregateByTest.aggregateByProduct_serial_lazy_jdk,0,0,,
eclipse-collections,org.eclipse.collections.impl.jmh.AggregateByTest.aggregateByProduct_serial_lazy_streams_ec,0,0,,
eclipse-collections,org.eclipse.collections.impl.jmh.AggregateByTest.aggregateInPlaceByAccount_parallel_eager_ec,0,0,,
eclipse-collections,org.eclipse.collections.impl.jmh.AggregateByTest.aggregateInPlaceByAccount_parallel_lazy_ec,0,0,,
eclipse-collections,org.eclipse.collections.impl.jmh.AggregateByTest.aggregateInPlaceByAccount_serial_eager_ec,0,0,,
eclipse-collections,org.eclipse.collections.impl.jmh.AggregateByTest.aggregateInPlaceByCategory_parallel_eager_ec,0,0,,
eclipse-collections,org.eclipse.collections.impl.jmh.AggregateByTest.aggregateInPlaceByCategory_parallel_lazy_ec,0,0,,
eclipse-collections,org.eclipse.collections.impl.jmh.AggregateByTest.aggregateInPlaceByCategory_serial_eager_ec,0,0,,
eclipse-collections,org.eclipse.collections.impl.jmh.AggregateByTest.aggregateInPlaceByProduct_parallel_eager_ec,0,0,,
eclipse-collections,org.eclipse.collections.impl.jmh.AggregateByTest.aggregateInPlaceByProduct_parallel_lazy_ec,0,0,,
eclipse-collections,org.eclipse.collections.impl.jmh.AggregateByTest.aggregateInPlaceByProduct_serial_eager_ec,0,0,,
eclipse-collections,org.eclipse.collections.impl.jmh.AllSatisfyTest.process_all_parallel_lazy_ec,0,0,,
eclipse-collections,org.eclipse.collections.impl.jmh.AllSatisfyTest.process_all_parallel_lazy_jdk,0,0,,
eclipse-collections,org.eclipse.collections.impl.jmh.AllSatisfyTest.process_all_parallel_lazy_streams_ec,0,0,,
eclipse-collections,org.eclipse.collections.impl.jmh.AllSatisfyTest.process_all_serial_eager_ec,0,0,,
eclipse-collections,org.eclipse.collections.impl.jmh.AllSatisfyTest.process_all_serial_lazy_ec,0,0,,
eclipse-collections,org.eclipse.collections.impl.jmh.AllSatisfyTest.process_all_serial_lazy_jdk,0,0,,
eclipse-collections,org.eclipse.collections.impl.jmh.AllSatisfyTest.process_all_serial_lazy_streams_ec,0,0,,
eclipse-collections,org.eclipse.collections.impl.jmh.AllSatisfyTest.short_circuit_middle_parallel_lazy_ec,0,0,,
eclipse-collections,org.eclipse.collections.impl.jmh.AllSatisfyTest.short_circuit_middle_parallel_lazy_jdk,0,0,,
eclipse-collections,org.eclipse.collections.impl.jmh.AllSatisfyTest.short_circuit_middle_parallel_lazy_streams_ec,0,0,,
eclipse-collections,org.eclipse.collections.impl.jmh.AllSatisfyTest.short_circuit_middle_serial_eager_ec,0,0,,
eclipse-collections,org.eclipse.collections.impl.jmh.AllSatisfyTest.short_circuit_middle_serial_lazy_ec,0,0,,
eclipse-collections,org.eclipse.collections.impl.jmh.AllSatisfyTest.short_circuit_middle_serial_lazy_jdk,0,0,,
eclipse-collections,org.eclipse.collections.impl.jmh.AllSatisfyTest.short_circuit_middle_serial_lazy_streams_ec,0,0,,
eclipse-collections,org.eclipse.collections.impl.jmh.AnagramBagTest.parallel_eager_ec,0,0,,
eclipse-collections,org.eclipse.collections.impl.jmh.AnagramBagTest.parallel_eager_forkjoin_ec,0,0,,
eclipse-collections,org.eclipse.collections.impl.jmh.AnagramBagTest.parallel_lazy_ec,0,0,,
eclipse-collections,org.eclipse.collections.impl.jmh.AnagramBagTest.parallel_lazy_jdk,0,0,,
eclipse-collections,org.eclipse.collections.impl.jmh.AnagramBagTest.parallel_lazy_streams_ec,0,0,,
eclipse-collections,org.eclipse.collections.impl.jmh.AnagramBagTest.serial_eager_ec,0,0,,
eclipse-collections,org.eclipse.collections.impl.jmh.AnagramBagTest.serial_lazy_jdk,0,0,,
eclipse-collections,org.eclipse.collections.impl.jmh.AnagramBagTest.serial_lazy_streams_ec,0,0,,
eclipse-collections,org.eclipse.collections.impl.jmh.AnagramListTest.parallel_eager_ec,0,0,,
eclipse-collections,org.eclipse.collections.impl.jmh.AnagramListTest.parallel_eager_forkjoin_ec,0,0,,
eclipse-collections,org.eclipse.collections.impl.jmh.AnagramListTest.parallel_lazy_jdk,0,0,,
eclipse-collections,org.eclipse.collections.impl.jmh.AnagramListTest.parallel_lazy_streams_ec,0,0,,
eclipse-collections,org.eclipse.collections.impl.jmh.AnagramListTest.serial_eager_ec,0,0,,
eclipse-collections,org.eclipse.collections.impl.jmh.AnagramListTest.serial_lazy_jdk,0,0,,
eclipse-collections,org.eclipse.collections.impl.jmh.AnagramListTest.serial_lazy_streams_ec,0,0,,
eclipse-collections,org.eclipse.collections.impl.jmh.AnagramSetTest.parallel_eager_ec,0,0,,
eclipse-collections,org.eclipse.collections.impl.jmh.AnagramSetTest.parallel_eager_forkjoin_ec,0,0,,
eclipse-collections,org.eclipse.collections.impl.jmh.AnagramSetTest.parallel_lazy_ec,0,0,,
eclipse-collections,org.eclipse.collections.impl.jmh.AnagramSetTest.parallel_lazy_jdk,0,0,,
eclipse-collections,org.eclipse.collections.impl.jmh.AnagramSetTest.parallel_lazy_scala,0,0,,
eclipse-collections,org.eclipse.collections.impl.jmh.AnagramSetTest.parallel_lazy_streams_ec,0,0,,
eclipse-collections,org.eclipse.collections.impl.jmh.AnagramSetTest.serial_eager_ec,0,0,,
eclipse-collections,org.eclipse.collections.impl.jmh.AnagramSetTest.serial_eager_scala,0,0,,
eclipse-collections,org.eclipse.collections.impl.jmh.AnagramSetTest.serial_lazy_jdk,0,0,,
eclipse-collections,org.eclipse.collections.impl.jmh.AnagramSetTest.serial_lazy_scala,0,0,,
eclipse-collections,org.eclipse.collections.impl.jmh.AnagramSetTest.serial_lazy_streams_ec,0,0,,
eclipse-collections,org.eclipse.collections.impl.jmh.AnySatisfyTest.process_all_parallel_lazy_ec,0,0,,
eclipse-collections,org.eclipse.collections.impl.jmh.AnySatisfyTest.process_all_parallel_lazy_jdk,0,0,,
eclipse-collections,org.eclipse.collections.impl.jmh.AnySatisfyTest.process_all_parallel_lazy_scala,0,0,,
eclipse-collections,org.eclipse.collections.impl.jmh.AnySatisfyTest.process_all_parallel_lazy_streams_ec,0,0,,
eclipse-collections,org.eclipse.collections.impl.jmh.AnySatisfyTest.process_all_serial_eager_ec,0,0,,
eclipse-collections,org.eclipse.collections.impl.jmh.AnySatisfyTest.process_all_serial_eager_scala,0,0,,
eclipse-collections,org.eclipse.collections.impl.jmh.AnySatisfyTest.process_all_serial_lazy_ec,0,0,,
eclipse-collections,org.eclipse.collections.impl.jmh.AnySatisfyTest.process_all_serial_lazy_jdk,0,0,,
eclipse-collections,org.eclipse.collections.impl.jmh.AnySatisfyTest.process_all_serial_lazy_scala,0,0,,
eclipse-collections,org.eclipse.collections.impl.jmh.AnySatisfyTest.process_all_serial_lazy_streams_ec,0,0,,
eclipse-collections,org.eclipse.collections.impl.jmh.AnySatisfyTest.short_circuit_middle_parallel_lazy_ec,0,0,,
eclipse-collections,org.eclipse.collections.impl.jmh.AnySatisfyTest.short_circuit_middle_parallel_lazy_jdk,0,0,,
eclipse-collections,org.eclipse.collections.impl.jmh.AnySatisfyTest.short_circuit_middle_parallel_lazy_scala,0,0,,
eclipse-collections,org.eclipse.collections.impl.jmh.AnySatisfyTest.short_circuit_middle_parallel_lazy_streams_ec,0,0,,
eclipse-collections,org.eclipse.collections.impl.jmh.AnySatisfyTest.short_circuit_middle_serial_eager_ec,0,0,,
eclipse-collections,org.eclipse.collections.impl.jmh.AnySatisfyTest.short_circuit_middle_serial_eager_scala,0,0,,
eclipse-collections,org.eclipse.collections.impl.jmh.AnySatisfyTest.short_circuit_middle_serial_lazy_ec,0,0,,
eclipse-collections,org.eclipse.collections.impl.jmh.AnySatisfyTest.short_circuit_middle_serial_lazy_jdk,0,0,,
eclipse-collections,org.eclipse.collections.impl.jmh.AnySatisfyTest.short_circuit_middle_serial_lazy_scala,0,0,,
eclipse-collections,org.eclipse.collections.impl.jmh.AnySatisfyTest.short_circuit_middle_serial_lazy_streams_ec,0,0,,
eclipse-collections,org.eclipse.collections.impl.jmh.BagAddAllTest.ec,0,0,,
eclipse-collections,org.eclipse.collections.impl.jmh.BagAddAllTest.guava,0,0,,
eclipse-collections,org.eclipse.collections.impl.jmh.CollectIfTest.parallel_eager_ec,0,0,,
eclipse-collections,org.eclipse.collections.impl.jmh.CollectIfTest.parallel_lazy_ec,0,0,,
eclipse-collections,org.eclipse.collections.impl.jmh.CollectIfTest.parallel_lazy_jdk,0,0,,
eclipse-collections,org.eclipse.collections.impl.jmh.CollectIfTest.parallel_lazy_streams_ec,0,0,,
eclipse-collections,org.eclipse.collections.impl.jmh.CollectIfTest.serial_eager_ec,0,0,,
eclipse-collections,org.eclipse.collections.impl.jmh.CollectIfTest.serial_lazy_ec,0,0,,
eclipse-collections,org.eclipse.collections.impl.jmh.CollectIfTest.serial_lazy_jdk,0,0,,
eclipse-collections,org.eclipse.collections.impl.jmh.CollectIfTest.serial_lazy_streams_ec,0,0,,
eclipse-collections,org.eclipse.collections.impl.jmh.CollectTest.parallel_eager_ec,0,0,,
eclipse-collections,org.eclipse.collections.impl.jmh.CollectTest.parallel_eager_fixed_pool_ec,0,0,,
eclipse-collections,org.eclipse.collections.impl.jmh.CollectTest.parallel_lazy_ec,0,0,,
eclipse-collections,org.eclipse.collections.impl.jmh.CollectTest.parallel_lazy_jdk,0,0,,
eclipse-collections,org.eclipse.collections.impl.jmh.CollectTest.parallel_lazy_scala,0,0,,
eclipse-collections,org.eclipse.collections.impl.jmh.CollectTest.parallel_lazy_streams_ec,0,0,,
eclipse-collections,org.eclipse.collections.impl.jmh.CollectTest.serial_eager_ec,0,0,,
eclipse-collections,org.eclipse.collections.impl.jmh.CollectTest.serial_eager_scala,0,0,,
eclipse-collections,org.eclipse.collections.impl.jmh.CollectTest.serial_lazy_ec,0,0,,
eclipse-collections,org.eclipse.collections.impl.jmh.CollectTest.serial_lazy_jdk,0,0,,
eclipse-collections,org.eclipse.collections.impl.jmh.CollectTest.serial_lazy_scala,0,0,,
eclipse-collections,org.eclipse.collections.impl.jmh.CollectTest.serial_lazy_streams_ec,0,0,,
eclipse-collections,org.eclipse.collections.impl.jmh.CollectorJoiningTest.parallel_lazy_makeString_ec,0,0,,
eclipse-collections,org.eclipse.collections.impl.jmh.CollectorJoiningTest.parallel_lazy_mapToStringJoining_ec,0,0,,
eclipse-collections,org.eclipse.collections.impl.jmh.CollectorJoiningTest.parallel_lazy_mapToStringJoining_jdk,0,0,,
eclipse-collections,org.eclipse.collections.impl.jmh.CollectorJoiningTest.serial_eager_collectToStringJoining_ec,0,0,,
eclipse-collections,org.eclipse.collections.impl.jmh.CollectorJoiningTest.serial_eager_makeString_ec,0,0,,
eclipse-collections,org.eclipse.collections.impl.jmh.CollectorJoiningTest.serial_eager_primitiveMakeString_ec,0,0,,
eclipse-collections,org.eclipse.collections.impl.jmh.CollectorJoiningTest.serial_lazy_collectToStringJoining_ec,0,0,,
eclipse-collections,org.eclipse.collections.impl.jmh.CollectorJoiningTest.serial_lazy_mapToStringJoining_ec,0,0,,
eclipse-collections,org.eclipse.collections.impl.jmh.CollectorJoiningTest.serial_lazy_mapToStringJoining_jdk,0,0,,
eclipse-collections,org.eclipse.collections.impl.jmh.CountSetTest.parallel_eager_ec,0,0,,
eclipse-collections,org.eclipse.collections.impl.jmh.CountSetTest.parallel_lazy_ec,0,0,,
eclipse-collections,org.eclipse.collections.impl.jmh.CountSetTest.parallel_lazy_jdk,0,0,,
eclipse-collections,org.eclipse.collections.impl.jmh.CountSetTest.parallel_lazy_scala,0,0,,
eclipse-collections,org.eclipse.collections.impl.jmh.CountSetTest.parallel_lazy_streams_ec,0,0,,
eclipse-collections,org.eclipse.collections.impl.jmh.CountSetTest.serial_eager_ec,0,0,,
eclipse-collections,org.eclipse.collections.impl.jmh.CountSetTest.serial_eager_scala,0,0,,
eclipse-collections,org.eclipse.collections.impl.jmh.CountSetTest.serial_lazy_ec,0,0,,
eclipse-collections,org.eclipse.collections.impl.jmh.CountSetTest.serial_lazy_jdk,0,0,,
eclipse-collections,org.eclipse.collections.impl.jmh.CountSetTest.serial_lazy_scala,0,0,,
eclipse-collections,org.eclipse.collections.impl.jmh.CountSetTest.serial_lazy_streams_ec,0,0,,
eclipse-collections,org.eclipse.collections.impl.jmh.CountTest.parallel_eager_ec,0,0,,
eclipse-collections,org.eclipse.collections.impl.jmh.CountTest.parallel_lazy_ec,0,0,,
eclipse-collections,org.eclipse.collections.impl.jmh.CountTest.parallel_lazy_jdk,0,0,,
eclipse-collections,org.eclipse.collections.impl.jmh.CountTest.parallel_lazy_scala,0,0,,
eclipse-collections,org.eclipse.collections.impl.jmh.CountTest.parallel_lazy_streams_ec,0,0,,
eclipse-collections,org.eclipse.collections.impl.jmh.CountTest.serial_eager_ec,0,0,,
eclipse-collections,org.eclipse.collections.impl.jmh.CountTest.serial_eager_scala,0,0,,
eclipse-collections,org.eclipse.collections.impl.jmh.CountTest.serial_lazy_ec,0,0,,
eclipse-collections,org.eclipse.collections.impl.jmh.CountTest.serial_lazy_jdk,0,0,,
eclipse-collections,org.eclipse.collections.impl.jmh.CountTest.serial_lazy_scala,0,0,,
eclipse-collections,org.eclipse.collections.impl.jmh.CountTest.serial_lazy_streams_ec,0,0,,
eclipse-collections,org.eclipse.collections.impl.jmh.FlatCollectTest.serial_eager_ec,0,0,,
eclipse-collections,org.eclipse.collections.impl.jmh.FlatCollectTest.serial_lazy_ec,0,0,,
eclipse-collections,org.eclipse.collections.impl.jmh.FlatCollectTest.serial_lazy_jdk,0,0,,
eclipse-collections,org.eclipse.collections.impl.jmh.FlatCollectTest.serial_lazy_streams_ec,0,0,,
eclipse-collections,org.eclipse.collections.impl.jmh.FunctionalInterfaceSetTest.parallel_lazy_ec,0,0,,
eclipse-collections,org.eclipse.collections.impl.jmh.FunctionalInterfaceSetTest.parallel_lazy_jdk,0,0,,
eclipse-collections,org.eclipse.collections.impl.jmh.FunctionalInterfaceSetTest.serial_eager_ec,0,0,,
eclipse-collections,org.eclipse.collections.impl.jmh.FunctionalInterfaceSetTest.serial_lazy_ec,0,0,,
eclipse-collections,org.eclipse.collections.impl.jmh.FunctionalInterfaceSetTest.serial_lazy_jdk,0,0,,
eclipse-collections,org.eclipse.collections.impl.jmh.FunctionalInterfaceTest.parallel_eager_ec,0,0,,
eclipse-collections,org.eclipse.collections.impl.jmh.FunctionalInterfaceTest.parallel_eager_ec_hand_coded,0,0,,
eclipse-collections,org.eclipse.collections.impl.jmh.FunctionalInterfaceTest.parallel_lazy_ec,0,0,,
eclipse-collections,org.eclipse.collections.impl.jmh.FunctionalInterfaceTest.parallel_lazy_ec_hand_coded,0,0,,
eclipse-collections,org.eclipse.collections.impl.jmh.FunctionalInterfaceTest.parallel_lazy_jdk,0,0,,
eclipse-collections,org.eclipse.collections.impl.jmh.FunctionalInterfaceTest.parallel_lazy_scala,0,0,,
eclipse-collections,org.eclipse.collections.impl.jmh.FunctionalInterfaceTest.parallel_lazy_scala_hand_coded,0,0,,
eclipse-collections,org.eclipse.collections.impl.jmh.FunctionalInterfaceTest.serial_eager_ec,0,0,,
eclipse-collections,org.eclipse.collections.impl.jmh.FunctionalInterfaceTest.serial_eager_ec_hand_coded,0,0,,
eclipse-collections,org.eclipse.collections.impl.jmh.FunctionalInterfaceTest.serial_eager_scala,0,0,,
eclipse-collections,org.eclipse.collections.impl.jmh.FunctionalInterfaceTest.serial_lazy_ec,0,0,,
eclipse-collections,org.eclipse.collections.impl.jmh.FunctionalInterfaceTest.serial_lazy_jdk,0,0,,
eclipse-collections,org.eclipse.collections.impl.jmh.FunctionalInterfaceTest.serial_lazy_scala,0,0,,
eclipse-collections,org.eclipse.collections.impl.jmh.GroupByListTest.groupBy_10000_keys_serial_eager_ec,0,0,,
eclipse-collections,org.eclipse.collections.impl.jmh.GroupByListTest.groupBy_10000_keys_serial_eager_guava,0,0,,
eclipse-collections,org.eclipse.collections.impl.jmh.GroupByListTest.groupBy_10000_keys_serial_eager_scala,0,0,,
eclipse-collections,org.eclipse.collections.impl.jmh.GroupByListTest.groupBy_10000_keys_serial_lazy_ec,0,0,,
eclipse-collections,org.eclipse.collections.impl.jmh.GroupByListTest.groupBy_10000_keys_serial_lazy_jdk,0,0,,
eclipse-collections,org.eclipse.collections.impl.jmh.GroupByListTest.groupBy_10000_keys_serial_lazy_scala,0,0,,
eclipse-collections,org.eclipse.collections.impl.jmh.GroupByListTest.groupBy_10000_keys_serial_lazy_streams_ec,0,0,,
eclipse-collections,org.eclipse.collections.impl.jmh.GroupByListTest.groupBy_100_keys_serial_eager_ec,0,0,,
eclipse-collections,org.eclipse.collections.impl.jmh.GroupByListTest.groupBy_100_keys_serial_eager_guava,0,0,,
eclipse-collections,org.eclipse.collections.impl.jmh.GroupByListTest.groupBy_100_keys_serial_eager_scala,0,0,,
eclipse-collections,org.eclipse.collections.impl.jmh.GroupByListTest.groupBy_100_keys_serial_lazy_ec,0,0,,
eclipse-collections,org.eclipse.collections.impl.jmh.GroupByListTest.groupBy_100_keys_serial_lazy_jdk,0,0,,
eclipse-collections,org.eclipse.collections.impl.jmh.GroupByListTest.groupBy_100_keys_serial_lazy_scala,0,0,,
eclipse-collections,org.eclipse.collections.impl.jmh.GroupByListTest.groupBy_100_keys_serial_lazy_streams_ec,0,0,,
eclipse-collections,org.eclipse.collections.impl.jmh.GroupByListTest.groupBy_2_keys_serial_eager_ec,0,0,,
eclipse-collections,org.eclipse.collections.impl.jmh.GroupByListTest.groupBy_2_keys_serial_eager_guava,0,0,,
eclipse-collections,org.eclipse.collections.impl.jmh.GroupByListTest.groupBy_2_keys_serial_eager_scala,0,0,,
eclipse-collections,org.eclipse.collections.impl.jmh.GroupByListTest.groupBy_2_keys_serial_lazy_ec,0,0,,
eclipse-collections,org.eclipse.collections.impl.jmh.GroupByListTest.groupBy_2_keys_serial_lazy_jdk,0,0,,
eclipse-collections,org.eclipse.collections.impl.jmh.GroupByListTest.groupBy_2_keys_serial_lazy_scala,0,0,,
eclipse-collections,org.eclipse.collections.impl.jmh.GroupByListTest.groupBy_2_keys_serial_lazy_streams_ec,0,0,,
eclipse-collections,org.eclipse.collections.impl.jmh.GroupBySetTest.groupBy_10000_keys_parallel_lazy_ec,0,0,,
eclipse-collections,org.eclipse.collections.impl.jmh.GroupBySetTest.groupBy_10000_keys_parallel_lazy_jdk,0,0,,
eclipse-collections,org.eclipse.collections.impl.jmh.GroupBySetTest.groupBy_10000_keys_parallel_lazy_scala,0,0,,
eclipse-collections,org.eclipse.collections.impl.jmh.GroupBySetTest.groupBy_10000_keys_parallel_lazy_streams_ec,0,0,,
eclipse-collections,org.eclipse.collections.impl.jmh.GroupBySetTest.groupBy_10000_keys_serial_eager_ec,0,0,,
eclipse-collections,org.eclipse.collections.impl.jmh.GroupBySetTest.groupBy_10000_keys_serial_eager_scala,0,0,,
eclipse-collections,org.eclipse.collections.impl.jmh.GroupBySetTest.groupBy_10000_keys_serial_lazy_jdk,0,0,,
eclipse-collections,org.eclipse.collections.impl.jmh.GroupBySetTest.groupBy_10000_keys_serial_lazy_scala,0,0,,
eclipse-collections,org.eclipse.collections.impl.jmh.GroupBySetTest.groupBy_10000_keys_serial_lazy_streams_ec,0,0,,
eclipse-collections,org.eclipse.collections.impl.jmh.GroupBySetTest.groupBy_100_keys_parallel_lazy_ec,0,0,,
eclipse-collections,org.eclipse.collections.impl.jmh.GroupBySetTest.groupBy_100_keys_parallel_lazy_jdk,0,0,,
eclipse-collections,org.eclipse.collections.impl.jmh.GroupBySetTest.groupBy_100_keys_parallel_lazy_scala,0,0,,
eclipse-collections,org.eclipse.collections.impl.jmh.GroupBySetTest.groupBy_100_keys_parallel_lazy_streams_ec,0,0,,
eclipse-collections,org.eclipse.collections.impl.jmh.GroupBySetTest.groupBy_100_keys_serial_eager_ec,0,0,,
eclipse-collections,org.eclipse.collections.impl.jmh.GroupBySetTest.groupBy_100_keys_serial_eager_scala,22,5,"org.eclipse.collections.impl.list.Interval.iterator,org.eclipse.collections.impl.list.IntervalUtils.checkArguments,org.eclipse.collections.impl.set.mutable.UnifiedSet.allocateTable,org.eclipse.collections.impl.collection.mutable.AbstractMutableCollection.addAll,org.eclipse.collections.impl.set.mutable.UnifiedSet.add,org.eclipse.collections.impl.list.IntervalUtils.checkSize,org.eclipse.collections.impl.list.Interval.valueAtIndex,org.eclipse.collections.impl.set.AbstractUnifiedSet.allocate,org.eclipse.collections.impl.set.mutable.UnifiedSet.addAllIterable,org.eclipse.collections.impl.jmh.GroupBySetTest.tearDown,org.eclipse.collections.impl.list.Interval.zeroToBy,org.eclipse.collections.impl.set.mutable.UnifiedSet.toSentinelIfNull,org.eclipse.collections.impl.set.mutable.UnifiedSet.index,org.eclipse.collections.impl.list.IntervalUtils.valueAtIndex,org.eclipse.collections.impl.list.Interval.fromToBy,org.eclipse.collections.impl.set.AbstractUnifiedSet.computeMaxSize,org.eclipse.collections.impl.list.Interval.zeroTo,org.eclipse.collections.impl.utility.Iterate.sizeOf,org.eclipse.collections.impl.list.Interval.get,org.eclipse.collections.impl.list.Interval.size,org.eclipse.collections.impl.set.AbstractUnifiedSet.init,org.eclipse.collections.impl.list.Interval.checkBounds","org.eclipse.collections.impl.list.Interval.iterator,org.eclipse.collections.impl.jmh.GroupBySetTest.tearDown,org.eclipse.collections.impl.collection.mutable.AbstractMutableCollection.addAll,org.eclipse.collections.impl.list.Interval.zeroTo,org.eclipse.collections.impl.set.AbstractUnifiedSet.init"
eclipse-collections,org.eclipse.collections.impl.jmh.GroupBySetTest.groupBy_100_keys_serial_lazy_jdk,25,6,"org.eclipse.collections.impl.list.Interval.iterator,org.eclipse.collections.impl.list.IntervalUtils.checkArguments,org.eclipse.collections.impl.set.mutable.UnifiedSet.allocateTable,org.eclipse.collections.impl.collection.mutable.AbstractMutableCollection.addAll,org.eclipse.collections.impl.set.mutable.UnifiedSet.add,org.eclipse.collections.impl.list.IntervalUtils.checkSize,org.eclipse.collections.impl.list.Interval.valueAtIndex,org.eclipse.collections.impl.set.AbstractUnifiedSet.allocate,org.eclipse.collections.impl.set.mutable.UnifiedSet.addAllIterable,org.eclipse.collections.impl.jmh.GroupBySetTest.tearDown,org.eclipse.collections.impl.list.Interval.zeroToBy,org.eclipse.collections.impl.set.mutable.UnifiedSet.toSentinelIfNull,org.eclipse.collections.impl.set.mutable.UnifiedSet.index,org.eclipse.collections.impl.list.IntervalUtils.valueAtIndex,org.eclipse.collections.impl.list.Interval.fromToBy,org.eclipse.collections.impl.test.Verify.assertObjectNotNull,org.eclipse.collections.impl.set.AbstractUnifiedSet.computeMaxSize,org.eclipse.collections.impl.list.Interval.zeroTo,org.eclipse.collections.impl.utility.Iterate.sizeOf,org.eclipse.collections.impl.list.IntervalUtils.intSize,org.eclipse.collections.impl.list.Interval.get,org.eclipse.collections.impl.list.Interval.size,org.eclipse.collections.impl.set.AbstractUnifiedSet.init,org.eclipse.collections.impl.test.Verify.assertSize,org.eclipse.collections.impl.list.Interval.checkBounds","org.eclipse.collections.impl.list.Interval.iterator,org.eclipse.collections.impl.jmh.GroupBySetTest.tearDown,org.eclipse.collections.impl.collection.mutable.AbstractMutableCollection.addAll,org.eclipse.collections.impl.test.Verify.assertSize,org.eclipse.collections.impl.list.Interval.zeroTo,org.eclipse.collections.impl.set.AbstractUnifiedSet.init"
eclipse-collections,org.eclipse.collections.impl.jmh.GroupBySetTest.groupBy_100_keys_serial_lazy_scala,22,7,"org.eclipse.collections.impl.list.Interval.iterator,org.eclipse.collections.impl.list.IntervalUtils.checkArguments,org.eclipse.collections.impl.set.mutable.UnifiedSet.allocateTable,org.eclipse.collections.impl.collection.mutable.AbstractMutableCollection.addAll,org.eclipse.collections.impl.set.mutable.UnifiedSet.add,org.eclipse.collections.impl.list.Interval.valueAtIndex,org.eclipse.collections.impl.set.AbstractUnifiedSet.allocate,org.eclipse.collections.impl.set.mutable.UnifiedSet.addAllIterable,org.eclipse.collections.impl.set.mutable.UnifiedSet.fastCeil,org.eclipse.collections.impl.jmh.GroupBySetTest.tearDown,org.eclipse.collections.impl.list.Interval.zeroToBy,org.eclipse.collections.impl.set.mutable.UnifiedSet.toSentinelIfNull,org.eclipse.collections.impl.set.mutable.UnifiedSet.index,org.eclipse.collections.impl.list.IntervalUtils.valueAtIndex,org.eclipse.collections.impl.list.Interval.fromToBy,org.eclipse.collections.impl.set.AbstractUnifiedSet.computeMaxSize,org.eclipse.collections.impl.list.Interval.zeroTo,org.eclipse.collections.impl.utility.Iterate.sizeOf,org.eclipse.collections.impl.list.Interval.get,org.eclipse.collections.impl.list.Interval.size,org.eclipse.collections.impl.set.AbstractUnifiedSet.init,org.eclipse.collections.impl.list.Interval.checkBounds","org.eclipse.collections.impl.list.Interval.iterator,org.eclipse.collections.impl.set.mutable.UnifiedSet.fastCeil,org.eclipse.collections.impl.jmh.GroupBySetTest.tearDown,org.eclipse.collections.impl.collection.mutable.AbstractMutableCollection.addAll,org.eclipse.collections.impl.list.Interval.zeroTo,org.eclipse.collections.impl.set.AbstractUnifiedSet.init,org.eclipse.collections.impl.list.Interval.size"
eclipse-collections,org.eclipse.collections.impl.jmh.GroupBySetTest.groupBy_100_keys_serial_lazy_streams_ec,26,10,"org.eclipse.collections.impl.list.Interval.iterator,org.eclipse.collections.impl.list.IntervalUtils.checkArguments,org.eclipse.collections.impl.set.mutable.UnifiedSet.allocateTable,org.eclipse.collections.impl.collection.mutable.AbstractMutableCollection.addAll,org.eclipse.collections.impl.set.mutable.UnifiedSet.add,org.eclipse.collections.impl.list.Interval.valueAtIndex,org.eclipse.collections.impl.set.AbstractUnifiedSet.allocate,org.eclipse.collections.impl.set.mutable.UnifiedSet.addAllIterable,org.eclipse.collections.impl.jmh.GroupBySetTest.tearDown,org.eclipse.collections.impl.list.Interval.zeroToBy,org.eclipse.collections.impl.set.mutable.UnifiedSet.nonSentinel,org.eclipse.collections.impl.set.mutable.UnifiedSet.toSentinelIfNull,org.eclipse.collections.impl.set.mutable.UnifiedSet.index,org.eclipse.collections.impl.list.IntervalUtils.valueAtIndex,org.eclipse.collections.impl.list.Interval.fromToBy,org.eclipse.collections.impl.test.Verify.assertObjectNotNull,org.eclipse.collections.impl.set.AbstractUnifiedSet.computeMaxSize,org.eclipse.collections.impl.list.Interval.zeroTo,org.eclipse.collections.impl.utility.Iterate.sizeOf,org.eclipse.collections.impl.list.Interval.get,org.eclipse.collections.impl.list.Interval.size,org.eclipse.collections.impl.set.AbstractUnifiedSet.init,org.eclipse.collections.impl.set.mutable.UnifiedSet.size,org.eclipse.collections.impl.test.Verify.assertSize,org.eclipse.collections.impl.list.Interval.checkBounds,org.eclipse.collections.impl.set.mutable.UnifiedSet.iterator","org.eclipse.collections.impl.set.mutable.UnifiedSet.nonSentinel,org.eclipse.collections.impl.list.Interval.iterator,org.eclipse.collections.impl.jmh.GroupBySetTest.tearDown,org.eclipse.collections.impl.set.mutable.UnifiedSet.size,org.eclipse.collections.impl.collection.mutable.AbstractMutableCollection.addAll,org.eclipse.collections.impl.test.Verify.assertSize,org.eclipse.collections.impl.list.Interval.zeroTo,org.eclipse.collections.impl.set.AbstractUnifiedSet.init,org.eclipse.collections.impl.list.Interval.size,org.eclipse.collections.impl.set.mutable.UnifiedSet.iterator"
eclipse-collections,org.eclipse.collections.impl.jmh.GroupBySetTest.groupBy_2_keys_parallel_lazy_ec,0,0,,
eclipse-collections,org.eclipse.collections.impl.jmh.GroupBySetTest.groupBy_2_keys_parallel_lazy_jdk,0,0,,
eclipse-collections,org.eclipse.collections.impl.jmh.GroupBySetTest.groupBy_2_keys_parallel_lazy_scala,0,0,,
eclipse-collections,org.eclipse.collections.impl.jmh.GroupBySetTest.groupBy_2_keys_parallel_lazy_streams_ec,0,0,,
eclipse-collections,org.eclipse.collections.impl.jmh.GroupBySetTest.groupBy_2_keys_serial_eager_ec,0,0,,
eclipse-collections,org.eclipse.collections.impl.jmh.GroupBySetTest.groupBy_2_keys_serial_eager_scala,0,0,,
eclipse-collections,org.eclipse.collections.impl.jmh.GroupBySetTest.groupBy_2_keys_serial_lazy_jdk,0,0,,
eclipse-collections,org.eclipse.collections.impl.jmh.GroupBySetTest.groupBy_2_keys_serial_lazy_scala,0,0,,
eclipse-collections,org.eclipse.collections.impl.jmh.GroupBySetTest.groupBy_2_keys_serial_lazy_streams_ec,0,0,,
eclipse-collections,org.eclipse.collections.impl.jmh.GroupBySetTest.groupBy_unordered_lists_10000_keys_serial_eager_guava,0,0,,
eclipse-collections,org.eclipse.collections.impl.jmh.GroupBySetTest.groupBy_unordered_lists_10000_keys_serial_lazy_ec,0,0,,
eclipse-collections,org.eclipse.collections.impl.jmh.GroupBySetTest.groupBy_unordered_lists_100_keys_serial_eager_guava,0,0,,
eclipse-collections,org.eclipse.collections.impl.jmh.GroupBySetTest.groupBy_unordered_lists_100_keys_serial_lazy_ec,0,0,,
eclipse-collections,org.eclipse.collections.impl.jmh.GroupBySetTest.groupBy_unordered_lists_2_keys_serial_eager_guava,0,0,,
eclipse-collections,org.eclipse.collections.impl.jmh.GroupBySetTest.groupBy_unordered_lists_2_keys_serial_lazy_ec,0,0,,
eclipse-collections,org.eclipse.collections.impl.jmh.IntIntMapLargeStressTest.ecGet,0,0,,
eclipse-collections,org.eclipse.collections.impl.jmh.IntIntMapLargeStressTest.ecPut,0,0,,
eclipse-collections,org.eclipse.collections.impl.jmh.IntIntMapLargeStressTest.ecRemove,0,0,,
eclipse-collections,org.eclipse.collections.impl.jmh.IntIntMapLargeStressTest.jdkGet,0,0,,
eclipse-collections,org.eclipse.collections.impl.jmh.IntIntMapLargeStressTest.jdkPut,0,0,,
eclipse-collections,org.eclipse.collections.impl.jmh.IntIntMapLargeStressTest.jdkRemove,0,0,,
eclipse-collections,org.eclipse.collections.impl.jmh.IntIntMapLargeStressTest.kolobokeGet,0,0,,
eclipse-collections,org.eclipse.collections.impl.jmh.IntIntMapLargeStressTest.kolobokePut,0,0,,
eclipse-collections,org.eclipse.collections.impl.jmh.IntIntMapLargeStressTest.kolobokeRemove,0,0,,
eclipse-collections,org.eclipse.collections.impl.jmh.IntIntMapSmallStressTest.ecGet,0,0,,
eclipse-collections,org.eclipse.collections.impl.jmh.IntIntMapSmallStressTest.ecPut,0,0,,
eclipse-collections,org.eclipse.collections.impl.jmh.IntIntMapSmallStressTest.ecRemove,0,0,,
eclipse-collections,org.eclipse.collections.impl.jmh.IntIntMapSmallStressTest.jdkGet,0,0,,
eclipse-collections,org.eclipse.collections.impl.jmh.IntIntMapSmallStressTest.jdkPut,0,0,,
eclipse-collections,org.eclipse.collections.impl.jmh.IntIntMapSmallStressTest.jdkRemove,0,0,,
eclipse-collections,org.eclipse.collections.impl.jmh.IntIntMapSmallStressTest.kolobokeGet,0,0,,
eclipse-collections,org.eclipse.collections.impl.jmh.IntIntMapSmallStressTest.kolobokePut,0,0,,
eclipse-collections,org.eclipse.collections.impl.jmh.IntIntMapSmallStressTest.kolobokeRemove,0,0,,
eclipse-collections,org.eclipse.collections.impl.jmh.IntIntMapTest.get,0,0,,
eclipse-collections,org.eclipse.collections.impl.jmh.IntIntMapTest.presizedPut,0,0,,
eclipse-collections,org.eclipse.collections.impl.jmh.IntIntMapTest.put,0,0,,
eclipse-collections,org.eclipse.collections.impl.jmh.IntIntMapTest.remove,0,0,,
eclipse-collections,org.eclipse.collections.impl.jmh.IntListJMHTest.filterECBoxedEager,0,0,,
eclipse-collections,org.eclipse.collections.impl.jmh.IntListJMHTest.filterECBoxedLazy,0,0,,
eclipse-collections,org.eclipse.collections.impl.jmh.IntListJMHTest.filterECParallelEager,0,0,,
eclipse-collections,org.eclipse.collections.impl.jmh.IntListJMHTest.filterECParallelLazy,0,0,,
eclipse-collections,org.eclipse.collections.impl.jmh.IntListJMHTest.filterECPrimitiveEager,0,0,,
eclipse-collections,org.eclipse.collections.impl.jmh.IntListJMHTest.filterECPrimitiveLazy,0,0,,
eclipse-collections,org.eclipse.collections.impl.jmh.IntListJMHTest.filterJDKBoxedParallelStream,0,0,,
eclipse-collections,org.eclipse.collections.impl.jmh.IntListJMHTest.filterJDKBoxedStream,0,0,,
eclipse-collections,org.eclipse.collections.impl.jmh.IntListJMHTest.filterJDKIntStream,0,0,,
eclipse-collections,org.eclipse.collections.impl.jmh.IntListJMHTest.filterJDKIntStreamParallel,0,0,,
eclipse-collections,org.eclipse.collections.impl.jmh.IntListJMHTest.filterJDKIntStreamParallelToEC,0,0,,
eclipse-collections,org.eclipse.collections.impl.jmh.IntListJMHTest.filterJDKIntStreamToEC,0,0,,
eclipse-collections,org.eclipse.collections.impl.jmh.IntListJMHTest.filterMapSumECBoxedEager,0,0,,
eclipse-collections,org.eclipse.collections.impl.jmh.IntListJMHTest.filterMapSumECBoxedLazy,0,0,,
eclipse-collections,org.eclipse.collections.impl.jmh.IntListJMHTest.filterMapSumECOptimizedParallelEager,0,0,,
eclipse-collections,org.eclipse.collections.impl.jmh.IntListJMHTest.filterMapSumECOptimizedParallelLazy,0,0,,
eclipse-collections,org.eclipse.collections.impl.jmh.IntListJMHTest.filterMapSumECParallelLazy,0,0,,
eclipse-collections,org.eclipse.collections.impl.jmh.IntListJMHTest.filterMapSumECPrimitiveEager,0,0,,
eclipse-collections,org.eclipse.collections.impl.jmh.IntListJMHTest.filterMapSumECPrimitiveLazy,0,0,,
eclipse-collections,org.eclipse.collections.impl.jmh.IntListJMHTest.filterMapSumJDKBoxedParallelStream,0,0,,
eclipse-collections,org.eclipse.collections.impl.jmh.IntListJMHTest.filterMapSumJDKBoxedStream,0,0,,
eclipse-collections,org.eclipse.collections.impl.jmh.IntListJMHTest.filterMapSumJDKIntStream,0,0,,
eclipse-collections,org.eclipse.collections.impl.jmh.IntListJMHTest.filterMapSumJDKIntStreamParallel,0,0,,
eclipse-collections,org.eclipse.collections.impl.jmh.IntListJMHTest.mapECBoxedEager,0,0,,
eclipse-collections,org.eclipse.collections.impl.jmh.IntListJMHTest.mapECBoxedLazy,0,0,,
eclipse-collections,org.eclipse.collections.impl.jmh.IntListJMHTest.mapECParallelEager,0,0,,
eclipse-collections,org.eclipse.collections.impl.jmh.IntListJMHTest.mapECParallelLazy,0,0,,
eclipse-collections,org.eclipse.collections.impl.jmh.IntListJMHTest.mapECPrimitiveEager,0,0,,
eclipse-collections,org.eclipse.collections.impl.jmh.IntListJMHTest.mapECPrimitiveLazy,0,0,,
eclipse-collections,org.eclipse.collections.impl.jmh.IntListJMHTest.mapJDKBoxedParallelStream,0,0,,
eclipse-collections,org.eclipse.collections.impl.jmh.IntListJMHTest.mapJDKBoxedStream,0,0,,
eclipse-collections,org.eclipse.collections.impl.jmh.IntListJMHTest.mapJDKIntStream,0,0,,
eclipse-collections,org.eclipse.collections.impl.jmh.IntListJMHTest.mapJDKIntStreamParallel,0,0,,
eclipse-collections,org.eclipse.collections.impl.jmh.IntListJMHTest.mapJDKIntStreamParallelToEC,0,0,,
eclipse-collections,org.eclipse.collections.impl.jmh.IntListJMHTest.mapJDKIntStreamToEC,0,0,,
eclipse-collections,org.eclipse.collections.impl.jmh.IntListJMHTest.sumECBoxedEager,0,0,,
eclipse-collections,org.eclipse.collections.impl.jmh.IntListJMHTest.sumECBoxedLazy,0,0,,
eclipse-collections,org.eclipse.collections.impl.jmh.IntListJMHTest.sumECParallelEager,0,0,,
eclipse-collections,org.eclipse.collections.impl.jmh.IntListJMHTest.sumECParallelLazy,0,0,,
eclipse-collections,org.eclipse.collections.impl.jmh.IntListJMHTest.sumECPrimitiveEager,0,0,,
eclipse-collections,org.eclipse.collections.impl.jmh.IntListJMHTest.sumECPrimitiveLazy,0,0,,
eclipse-collections,org.eclipse.collections.impl.jmh.IntListJMHTest.sumJDKBoxedParallelStream,0,0,,
eclipse-collections,org.eclipse.collections.impl.jmh.IntListJMHTest.sumJDKBoxedStream,0,0,,
eclipse-collections,org.eclipse.collections.impl.jmh.IntListJMHTest.sumJDKIntStream,0,0,,
eclipse-collections,org.eclipse.collections.impl.jmh.IntListJMHTest.sumJDKIntStreamParallel,0,0,,
eclipse-collections,org.eclipse.collections.impl.jmh.ListAddAllTest.ec,0,0,,
eclipse-collections,org.eclipse.collections.impl.jmh.ListAddAllTest.jdk,0,0,,
eclipse-collections,org.eclipse.collections.impl.jmh.ListEqualTest.ec,0,0,,
eclipse-collections,org.eclipse.collections.impl.jmh.ListEqualTest.jdk,0,0,,
eclipse-collections,org.eclipse.collections.impl.jmh.LongIntMapTest.copyTest,0,0,,
eclipse-collections,org.eclipse.collections.impl.jmh.LongIntMapTest.get,0,0,,
eclipse-collections,org.eclipse.collections.impl.jmh.LongIntMapTest.presizedPut,0,0,,
eclipse-collections,org.eclipse.collections.impl.jmh.LongIntMapTest.put,0,0,,
eclipse-collections,org.eclipse.collections.impl.jmh.LongIntMapTest.remove,0,0,,
eclipse-collections,org.eclipse.collections.impl.jmh.LongLongMapLargeStressTest.ecGet,0,0,,
eclipse-collections,org.eclipse.collections.impl.jmh.LongLongMapLargeStressTest.ecPut,0,0,,
eclipse-collections,org.eclipse.collections.impl.jmh.LongLongMapLargeStressTest.ecRemove,0,0,,
eclipse-collections,org.eclipse.collections.impl.jmh.LongLongMapLargeStressTest.kolobokeGet,0,0,,
eclipse-collections,org.eclipse.collections.impl.jmh.LongLongMapLargeStressTest.kolobokePut,0,0,,
eclipse-collections,org.eclipse.collections.impl.jmh.LongLongMapLargeStressTest.kolobokeRemove,0,0,,
eclipse-collections,org.eclipse.collections.impl.jmh.LongLongMapSmallStressTest.ecGet,0,0,,
eclipse-collections,org.eclipse.collections.impl.jmh.LongLongMapSmallStressTest.ecPut,0,0,,
eclipse-collections,org.eclipse.collections.impl.jmh.LongLongMapSmallStressTest.ecRemove,0,0,,
eclipse-collections,org.eclipse.collections.impl.jmh.LongLongMapSmallStressTest.kolobokeGet,0,0,,
eclipse-collections,org.eclipse.collections.impl.jmh.LongLongMapSmallStressTest.kolobokePut,0,0,,
eclipse-collections,org.eclipse.collections.impl.jmh.LongLongMapSmallStressTest.kolobokeRemove,0,0,,
eclipse-collections,org.eclipse.collections.impl.jmh.MaxByDoubleTest.maxByMarketValue_parallel_lazy_collect_lambda_jdk,0,0,,
eclipse-collections,org.eclipse.collections.impl.jmh.MaxByDoubleTest.maxByMarketValue_parallel_lazy_collect_methodref_jdk,0,0,,
eclipse-collections,org.eclipse.collections.impl.jmh.MaxByDoubleTest.maxByMarketValue_parallel_lazy_direct_lambda_jdk,0,0,,
eclipse-collections,org.eclipse.collections.impl.jmh.MaxByDoubleTest.maxByMarketValue_parallel_lazy_direct_methodref_jdk,0,0,,
eclipse-collections,org.eclipse.collections.impl.jmh.MaxByDoubleTest.maxByMarketValue_parallel_lazy_ec,0,0,,
eclipse-collections,org.eclipse.collections.impl.jmh.MaxByDoubleTest.maxByMarketValue_serial_eager_ec,0,0,,
eclipse-collections,org.eclipse.collections.impl.jmh.MaxByDoubleTest.maxByMarketValue_serial_lazy_collect_lambda_jdk,0,0,,
eclipse-collections,org.eclipse.collections.impl.jmh.MaxByDoubleTest.maxByMarketValue_serial_lazy_collect_methodref_jdk,0,0,,
eclipse-collections,org.eclipse.collections.impl.jmh.MaxByDoubleTest.maxByMarketValue_serial_lazy_direct_lambda_jdk,0,0,,
eclipse-collections,org.eclipse.collections.impl.jmh.MaxByDoubleTest.maxByMarketValue_serial_lazy_direct_methodref_jdk,0,0,,
eclipse-collections,org.eclipse.collections.impl.jmh.MaxByDoubleTest.maxByMarketValue_serial_lazy_ec,0,0,,
eclipse-collections,org.eclipse.collections.impl.jmh.MaxByIntTest.maxByQuantity_parallel_lazy_collect_lambda_jdk,0,0,,
eclipse-collections,org.eclipse.collections.impl.jmh.MaxByIntTest.maxByQuantity_parallel_lazy_collect_methodref_jdk,0,0,,
eclipse-collections,org.eclipse.collections.impl.jmh.MaxByIntTest.maxByQuantity_parallel_lazy_direct_lambda_jdk,0,0,,
eclipse-collections,org.eclipse.collections.impl.jmh.MaxByIntTest.maxByQuantity_parallel_lazy_direct_methodref_jdk,0,0,,
eclipse-collections,org.eclipse.collections.impl.jmh.MaxByIntTest.maxByQuantity_parallel_lazy_ec,0,0,,
eclipse-collections,org.eclipse.collections.impl.jmh.MaxByIntTest.maxByQuantity_serial_eager_ec,0,0,,
eclipse-collections,org.eclipse.collections.impl.jmh.MaxByIntTest.maxByQuantity_serial_lazy_collect_lambda_jdk,0,0,,
eclipse-collections,org.eclipse.collections.impl.jmh.MaxByIntTest.maxByQuantity_serial_lazy_collect_methodref_jdk,0,0,,
eclipse-collections,org.eclipse.collections.impl.jmh.MaxByIntTest.maxByQuantity_serial_lazy_direct_lambda_jdk,0,0,,
eclipse-collections,org.eclipse.collections.impl.jmh.MaxByIntTest.maxByQuantity_serial_lazy_direct_methodref_jdk,0,0,,
eclipse-collections,org.eclipse.collections.impl.jmh.MaxByIntTest.maxByQuantity_serial_lazy_ec,0,0,,
eclipse-collections,org.eclipse.collections.impl.jmh.MaxTest.parallel_lazy_ec,0,0,,
eclipse-collections,org.eclipse.collections.impl.jmh.MaxTest.parallel_lazy_intstream_jdk,0,0,,
eclipse-collections,org.eclipse.collections.impl.jmh.MaxTest.parallel_lazy_intstream_streams_ec,0,0,,
eclipse-collections,org.eclipse.collections.impl.jmh.MaxTest.parallel_lazy_jdk,0,0,,
eclipse-collections,org.eclipse.collections.impl.jmh.MaxTest.parallel_lazy_reverse_ec,0,0,,
eclipse-collections,org.eclipse.collections.impl.jmh.MaxTest.parallel_lazy_reverse_jdk,0,0,,
eclipse-collections,org.eclipse.collections.impl.jmh.MaxTest.parallel_lazy_reverse_streams_ec,0,0,,
eclipse-collections,org.eclipse.collections.impl.jmh.MaxTest.parallel_lazy_streams_ec,0,0,,
eclipse-collections,org.eclipse.collections.impl.jmh.MaxTest.serial_eager_ec,0,0,,
eclipse-collections,org.eclipse.collections.impl.jmh.MaxTest.serial_eager_reverse_ec,0,0,,
eclipse-collections,org.eclipse.collections.impl.jmh.MaxTest.serial_lazy_ec,0,0,,
eclipse-collections,org.eclipse.collections.impl.jmh.MaxTest.serial_lazy_intstream_jdk,0,0,,
eclipse-collections,org.eclipse.collections.impl.jmh.MaxTest.serial_lazy_intstream_streams_ec,0,0,,
eclipse-collections,org.eclipse.collections.impl.jmh.MaxTest.serial_lazy_jdk,0,0,,
eclipse-collections,org.eclipse.collections.impl.jmh.MaxTest.serial_lazy_reverse_ec,0,0,,
eclipse-collections,org.eclipse.collections.impl.jmh.MaxTest.serial_lazy_reverse_jdk,0,0,,
eclipse-collections,org.eclipse.collections.impl.jmh.MaxTest.serial_lazy_reverse_streams_ec,0,0,,
eclipse-collections,org.eclipse.collections.impl.jmh.MinByDoubleTest.minByMarketValue_parallel_lazy_collect_lambda_jdk,0,0,,
eclipse-collections,org.eclipse.collections.impl.jmh.MinByDoubleTest.minByMarketValue_parallel_lazy_collect_methodref_jdk,0,0,,
eclipse-collections,org.eclipse.collections.impl.jmh.MinByDoubleTest.minByMarketValue_parallel_lazy_direct_lambda_jdk,0,0,,
eclipse-collections,org.eclipse.collections.impl.jmh.MinByDoubleTest.minByMarketValue_parallel_lazy_direct_methodref_jdk,0,0,,
eclipse-collections,org.eclipse.collections.impl.jmh.MinByDoubleTest.minByMarketValue_parallel_lazy_ec,0,0,,
eclipse-collections,org.eclipse.collections.impl.jmh.MinByDoubleTest.minByMarketValue_serial_eager_ec,0,0,,
eclipse-collections,org.eclipse.collections.impl.jmh.MinByDoubleTest.minByMarketValue_serial_lazy_collect_lambda_jdk,0,0,,
eclipse-collections,org.eclipse.collections.impl.jmh.MinByDoubleTest.minByMarketValue_serial_lazy_collect_methodref_jdk,0,0,,
eclipse-collections,org.eclipse.collections.impl.jmh.MinByDoubleTest.minByMarketValue_serial_lazy_direct_lambda_jdk,0,0,,
eclipse-collections,org.eclipse.collections.impl.jmh.MinByDoubleTest.minByMarketValue_serial_lazy_direct_methodref_jdk,0,0,,
eclipse-collections,org.eclipse.collections.impl.jmh.MinByDoubleTest.minByMarketValue_serial_lazy_ec,0,0,,
eclipse-collections,org.eclipse.collections.impl.jmh.MinByIntTest.minByQuantity_parallel_lazy_collect_lambda_jdk,0,0,,
eclipse-collections,org.eclipse.collections.impl.jmh.MinByIntTest.minByQuantity_parallel_lazy_collect_methodref_jdk,0,0,,
eclipse-collections,org.eclipse.collections.impl.jmh.MinByIntTest.minByQuantity_parallel_lazy_direct_lambda_jdk,0,0,,
eclipse-collections,org.eclipse.collections.impl.jmh.MinByIntTest.minByQuantity_parallel_lazy_direct_methodref_jdk,0,0,,
eclipse-collections,org.eclipse.collections.impl.jmh.MinByIntTest.minByQuantity_parallel_lazy_ec,0,0,,
eclipse-collections,org.eclipse.collections.impl.jmh.MinByIntTest.minByQuantity_serial_eager_ec,0,0,,
eclipse-collections,org.eclipse.collections.impl.jmh.MinByIntTest.minByQuantity_serial_lazy_collect_lambda_jdk,0,0,,
eclipse-collections,org.eclipse.collections.impl.jmh.MinByIntTest.minByQuantity_serial_lazy_collect_methodref_jdk,0,0,,
eclipse-collections,org.eclipse.collections.impl.jmh.MinByIntTest.minByQuantity_serial_lazy_direct_lambda_jdk,0,0,,
eclipse-collections,org.eclipse.collections.impl.jmh.MinByIntTest.minByQuantity_serial_lazy_direct_methodref_jdk,0,0,,
eclipse-collections,org.eclipse.collections.impl.jmh.MinByIntTest.minByQuantity_serial_lazy_ec,0,0,,
eclipse-collections,org.eclipse.collections.impl.jmh.MinTest.parallel_lazy_ec,0,0,,
eclipse-collections,org.eclipse.collections.impl.jmh.MinTest.parallel_lazy_intstream_jdk,0,0,,
eclipse-collections,org.eclipse.collections.impl.jmh.MinTest.parallel_lazy_intstream_streams_ec,0,0,,
eclipse-collections,org.eclipse.collections.impl.jmh.MinTest.parallel_lazy_jdk,0,0,,
eclipse-collections,org.eclipse.collections.impl.jmh.MinTest.parallel_lazy_reverse_ec,0,0,,
eclipse-collections,org.eclipse.collections.impl.jmh.MinTest.parallel_lazy_reverse_jdk,0,0,,
eclipse-collections,org.eclipse.collections.impl.jmh.MinTest.parallel_lazy_reverse_streams_ec,0,0,,
eclipse-collections,org.eclipse.collections.impl.jmh.MinTest.parallel_lazy_streams_ec,0,0,,
eclipse-collections,org.eclipse.collections.impl.jmh.MinTest.serial_eager_ec,0,0,,
eclipse-collections,org.eclipse.collections.impl.jmh.MinTest.serial_eager_reverse_ec,0,0,,
eclipse-collections,org.eclipse.collections.impl.jmh.MinTest.serial_lazy_ec,0,0,,
eclipse-collections,org.eclipse.collections.impl.jmh.MinTest.serial_lazy_intstream_jdk,0,0,,
eclipse-collections,org.eclipse.collections.impl.jmh.MinTest.serial_lazy_intstream_streams_ec,0,0,,
eclipse-collections,org.eclipse.collections.impl.jmh.MinTest.serial_lazy_jdk,0,0,,
eclipse-collections,org.eclipse.collections.impl.jmh.MinTest.serial_lazy_reverse_ec,0,0,,
eclipse-collections,org.eclipse.collections.impl.jmh.MinTest.serial_lazy_reverse_jdk,0,0,,
eclipse-collections,org.eclipse.collections.impl.jmh.MinTest.serial_lazy_reverse_streams_ec,0,0,,
eclipse-collections,org.eclipse.collections.impl.jmh.MinTest.serial_lazy_streams_ec,0,0,,
eclipse-collections,org.eclipse.collections.impl.jmh.NoneSatisfyTest.process_all_parallel_lazy_ec,0,0,,
eclipse-collections,org.eclipse.collections.impl.jmh.NoneSatisfyTest.process_all_parallel_lazy_jdk,0,0,,
eclipse-collections,org.eclipse.collections.impl.jmh.NoneSatisfyTest.process_none_serial_eager_ec,0,0,,
eclipse-collections,org.eclipse.collections.impl.jmh.NoneSatisfyTest.process_none_serial_lazy_ec,0,0,,
eclipse-collections,org.eclipse.collections.impl.jmh.NoneSatisfyTest.process_none_serial_lazy_jdk,0,0,,
eclipse-collections,org.eclipse.collections.impl.jmh.NoneSatisfyTest.process_none_serial_lazy_streams_ec,0,0,,
eclipse-collections,org.eclipse.collections.impl.jmh.NoneSatisfyTest.short_circuit_middle_parallel_lazy_ec,0,0,,
eclipse-collections,org.eclipse.collections.impl.jmh.NoneSatisfyTest.short_circuit_middle_parallel_lazy_jdk,0,0,,
eclipse-collections,org.eclipse.collections.impl.jmh.NoneSatisfyTest.short_circuit_middle_serial_eager_ec,0,0,,
eclipse-collections,org.eclipse.collections.impl.jmh.NoneSatisfyTest.short_circuit_middle_serial_lazy_ec,0,0,,
eclipse-collections,org.eclipse.collections.impl.jmh.NoneSatisfyTest.short_circuit_middle_serial_lazy_jdk,0,0,,
eclipse-collections,org.eclipse.collections.impl.jmh.NoneSatisfyTest.short_circuit_middle_serial_lazy_streams_ec,0,0,,
eclipse-collections,org.eclipse.collections.impl.jmh.PartitionTest.serial_eager_ec,0,0,,
eclipse-collections,org.eclipse.collections.impl.jmh.PartitionTest.serial_lazy_ec,0,0,,
eclipse-collections,org.eclipse.collections.impl.jmh.PartitionTest.serial_lazy_jdk,0,0,,
eclipse-collections,org.eclipse.collections.impl.jmh.PartitionTest.serial_lazy_streams_ec,0,0,,
eclipse-collections,org.eclipse.collections.impl.jmh.RejectTest.serial_eager_ec,0,0,,
eclipse-collections,org.eclipse.collections.impl.jmh.RejectTest.serial_eager_ec_select_predicates_not,0,0,,
eclipse-collections,org.eclipse.collections.impl.jmh.RejectTest.serial_lazy_ec,0,0,,
eclipse-collections,org.eclipse.collections.impl.jmh.RejectTest.serial_lazy_jdk_lambda_negate,0,0,,
eclipse-collections,org.eclipse.collections.impl.jmh.RejectTest.serial_lazy_jdk_lambda_not,0,0,,
eclipse-collections,org.eclipse.collections.impl.jmh.RejectTest.serial_lazy_streams_ec_lambda_negate,0,0,,
eclipse-collections,org.eclipse.collections.impl.jmh.RejectTest.serial_lazy_streams_ec_lambda_not,0,0,,
eclipse-collections,org.eclipse.collections.impl.jmh.SelectTest.parallel_eager_ec,0,0,,
eclipse-collections,org.eclipse.collections.impl.jmh.SelectTest.parallel_lazy_ec,0,0,,
eclipse-collections,org.eclipse.collections.impl.jmh.SelectTest.parallel_lazy_jdk,0,0,,
eclipse-collections,org.eclipse.collections.impl.jmh.SelectTest.parallel_lazy_streams_ec,0,0,,
eclipse-collections,org.eclipse.collections.impl.jmh.SelectTest.serial_eager_ec,0,0,,
eclipse-collections,org.eclipse.collections.impl.jmh.SelectTest.serial_lazy_ec,0,0,,
eclipse-collections,org.eclipse.collections.impl.jmh.SelectTest.serial_lazy_jdk,0,0,,
eclipse-collections,org.eclipse.collections.impl.jmh.SelectTest.serial_lazy_streams_ec,0,0,,
eclipse-collections,org.eclipse.collections.impl.jmh.SetAddAllTest.ec,0,0,,
eclipse-collections,org.eclipse.collections.impl.jmh.SetAddAllTest.jdk,0,0,,
eclipse-collections,org.eclipse.collections.impl.jmh.SumByBigDecimalTest.sumByBigDecimalAccount_parallel_eager_ec,0,0,,
eclipse-collections,org.eclipse.collections.impl.jmh.SumByBigDecimalTest.sumByBigDecimalAccount_serial_eager_ec,0,0,,
eclipse-collections,org.eclipse.collections.impl.jmh.SumByBigDecimalTest.sumByBigDecimalCategory_parallel_eager_ec,0,0,,
eclipse-collections,org.eclipse.collections.impl.jmh.SumByBigDecimalTest.sumByBigDecimalCategory_serial_eager_ec,0,0,,
eclipse-collections,org.eclipse.collections.impl.jmh.SumByBigDecimalTest.sumByBigDecimalProduct_parallel_eager_ec,0,0,,
eclipse-collections,org.eclipse.collections.impl.jmh.SumByBigDecimalTest.sumByBigDecimalProduct_serial_eager_ec,0,0,,
eclipse-collections,org.eclipse.collections.impl.jmh.SumByDoubleTest.sumByAccount_parallel_eager_ec,0,0,,
eclipse-collections,org.eclipse.collections.impl.jmh.SumByDoubleTest.sumByAccount_parallel_lazy_jdk,0,0,,
eclipse-collections,org.eclipse.collections.impl.jmh.SumByDoubleTest.sumByAccount_parallel_lazy_streams_ec,0,0,,
eclipse-collections,org.eclipse.collections.impl.jmh.SumByDoubleTest.sumByAccount_serial_eager_ec,0,0,,
eclipse-collections,org.eclipse.collections.impl.jmh.SumByDoubleTest.sumByAccount_serial_lazy_jdk,0,0,,
eclipse-collections,org.eclipse.collections.impl.jmh.SumByDoubleTest.sumByAccount_serial_lazy_streams_ec,0,0,,
eclipse-collections,org.eclipse.collections.impl.jmh.SumByDoubleTest.sumByCategory_parallel_eager_ec,0,0,,
eclipse-collections,org.eclipse.collections.impl.jmh.SumByDoubleTest.sumByCategory_parallel_lazy_jdk,0,0,,
eclipse-collections,org.eclipse.collections.impl.jmh.SumByDoubleTest.sumByCategory_parallel_lazy_streams_ec,0,0,,
eclipse-collections,org.eclipse.collections.impl.jmh.SumByDoubleTest.sumByCategory_serial_eager_ec,0,0,,
eclipse-collections,org.eclipse.collections.impl.jmh.SumByDoubleTest.sumByCategory_serial_lazy_jdk,0,0,,
eclipse-collections,org.eclipse.collections.impl.jmh.SumByDoubleTest.sumByCategory_serial_lazy_streams_ec,0,0,,
eclipse-collections,org.eclipse.collections.impl.jmh.SumByDoubleTest.sumByProduct_parallel_eager_ec,0,0,,
eclipse-collections,org.eclipse.collections.impl.jmh.SumByDoubleTest.sumByProduct_parallel_lazy_jdk,0,0,,
eclipse-collections,org.eclipse.collections.impl.jmh.SumByDoubleTest.sumByProduct_parallel_lazy_streams_ec,0,0,,
eclipse-collections,org.eclipse.collections.impl.jmh.SumByDoubleTest.sumByProduct_serial_eager_ec,0,0,,
eclipse-collections,org.eclipse.collections.impl.jmh.SumByDoubleTest.sumByProduct_serial_lazy_jdk,0,0,,
eclipse-collections,org.eclipse.collections.impl.jmh.SumByDoubleTest.sumByProduct_serial_lazy_streams_ec,0,0,,
eclipse-collections,org.eclipse.collections.impl.jmh.SumOfDoubleTest.parallel_lazy_collectDoubleSum_jdk,0,0,,
eclipse-collections,org.eclipse.collections.impl.jmh.SumOfDoubleTest.parallel_lazy_collectDoubleSum_streams_ec,0,0,,
eclipse-collections,org.eclipse.collections.impl.jmh.SumOfDoubleTest.parallel_lazy_directSumOfDouble_ec,0,0,,
eclipse-collections,org.eclipse.collections.impl.jmh.SumOfDoubleTest.serial_eager_collectDoubleSum_ec,0,0,,
eclipse-collections,org.eclipse.collections.impl.jmh.SumOfDoubleTest.serial_eager_directSumOfDouble_ec,0,0,,
eclipse-collections,org.eclipse.collections.impl.jmh.SumOfDoubleTest.serial_lazy_collectDoubleSum_ec,0,0,,
eclipse-collections,org.eclipse.collections.impl.jmh.SumOfDoubleTest.serial_lazy_collectDoubleSum_jdk,0,0,,
eclipse-collections,org.eclipse.collections.impl.jmh.SumOfDoubleTest.serial_lazy_collectDoubleSum_streams_ec,0,0,,
eclipse-collections,org.eclipse.collections.impl.jmh.SumOfDoubleTest.serial_lazy_directSumOfDouble_ec,0,0,,
eclipse-collections,org.eclipse.collections.impl.jmh.SumOfIntTest.parallel_lazy_mapToIntSum_jdk,0,0,,
eclipse-collections,org.eclipse.collections.impl.jmh.SumOfIntTest.parallel_lazy_mapToIntSum_streams_ec,0,0,,
eclipse-collections,org.eclipse.collections.impl.jmh.SumOfIntTest.parallel_lazy_mapToLongSum_jdk,0,0,,
eclipse-collections,org.eclipse.collections.impl.jmh.SumOfIntTest.parallel_lazy_mapToLongSum_streams_ec,0,0,,
eclipse-collections,org.eclipse.collections.impl.jmh.SumOfIntTest.parallel_lazy_sumOfInt_ec,0,0,,
eclipse-collections,org.eclipse.collections.impl.jmh.SumOfIntTest.serial_eager_collectIntSum_ec,0,0,,
eclipse-collections,org.eclipse.collections.impl.jmh.SumOfIntTest.serial_eager_directSumOfInt_ec,0,0,,
eclipse-collections,org.eclipse.collections.impl.jmh.SumOfIntTest.serial_eager_sum_intList,0,0,,
eclipse-collections,org.eclipse.collections.impl.jmh.SumOfIntTest.serial_lazy_collectIntSum_ec,0,0,,
eclipse-collections,org.eclipse.collections.impl.jmh.SumOfIntTest.serial_lazy_mapToIntSum_jdk,0,0,,
eclipse-collections,org.eclipse.collections.impl.jmh.SumOfIntTest.serial_lazy_mapToIntSum_streams_ec,0,0,,
eclipse-collections,org.eclipse.collections.impl.jmh.SumOfIntTest.serial_lazy_mapToLongSum_jdk,0,0,,
eclipse-collections,org.eclipse.collections.impl.jmh.SumOfIntTest.serial_lazy_mapToLongSum_streams_ec,0,0,,
eclipse-collections,org.eclipse.collections.impl.jmh.SumOfIntTest.serial_lazy_sumOfInt_ec,0,0,,
eclipse-collections,org.eclipse.collections.impl.jmh.SummarizeIntTest.parallel_lazy_mapToIntSum_jdk,0,0,,
eclipse-collections,org.eclipse.collections.impl.jmh.SummarizeIntTest.parallel_lazy_mapToIntSum_streams_ec,0,0,,
eclipse-collections,org.eclipse.collections.impl.jmh.SummarizeIntTest.serial_eager_collectIntSummaryStatistics_ec,0,0,,
eclipse-collections,org.eclipse.collections.impl.jmh.SummarizeIntTest.serial_eager_summarizeInt_ec,0,0,,
eclipse-collections,org.eclipse.collections.impl.jmh.SummarizeIntTest.serial_eager_summaryStatistics_intList,0,0,,
eclipse-collections,org.eclipse.collections.impl.jmh.SummarizeIntTest.serial_lazy_collectIntSummaryStatistics_ec,0,0,,
eclipse-collections,org.eclipse.collections.impl.jmh.SummarizeIntTest.serial_lazy_mapToIntSum_jdk,0,0,,
eclipse-collections,org.eclipse.collections.impl.jmh.SummarizeIntTest.serial_lazy_mapToIntSum_streams_ec,0,0,,
eclipse-collections,org.eclipse.collections.impl.jmh.SummarizeIntTest.serial_lazy_summarizeInt_ec,0,0,,
eclipse-collections,org.eclipse.collections.impl.jmh.list.ListIterationTest.parallel_immutable_ec,0,0,,
eclipse-collections,org.eclipse.collections.impl.jmh.list.ListIterationTest.parallel_mutable_ec,0,0,,
eclipse-collections,org.eclipse.collections.impl.jmh.list.ListIterationTest.parallel_mutable_scala,0,0,,
eclipse-collections,org.eclipse.collections.impl.jmh.list.ListIterationTest.serial_immutable_ec,0,0,,
eclipse-collections,org.eclipse.collections.impl.jmh.list.ListIterationTest.serial_mutable_ec,0,0,,
eclipse-collections,org.eclipse.collections.impl.jmh.list.ListIterationTest.serial_mutable_scala,0,0,,
eclipse-collections,org.eclipse.collections.impl.jmh.map.ChainMapPutTest.ec,0,0,,
eclipse-collections,org.eclipse.collections.impl.jmh.map.ChainMapPutTest.hppc,0,0,,
eclipse-collections,org.eclipse.collections.impl.jmh.map.ChainMapPutTest.jdk,0,0,,
eclipse-collections,org.eclipse.collections.impl.jmh.map.ChainMapPutTest.scala,0,0,,
eclipse-collections,org.eclipse.collections.impl.jmh.map.EcImmutableMapGetTest.get,0,0,,
eclipse-collections,org.eclipse.collections.impl.jmh.map.EcMutableMapGetTest.get,0,0,,
eclipse-collections,org.eclipse.collections.impl.jmh.map.HppcMutableMapGetTest.get,0,0,,
eclipse-collections,org.eclipse.collections.impl.jmh.map.JdkMutableMapGetTest.get,0,0,,
eclipse-collections,org.eclipse.collections.impl.jmh.map.KolobokeMapPutTest.koloboke,0,0,,
eclipse-collections,org.eclipse.collections.impl.jmh.map.KolobokeMutableMapGetTest.get,0,0,,
eclipse-collections,org.eclipse.collections.impl.jmh.map.MapGrowthTest.immutableScalaPut,0,0,,
eclipse-collections,org.eclipse.collections.impl.jmh.map.MapGrowthTest.mutableEcPut,0,0,,
eclipse-collections,org.eclipse.collections.impl.jmh.map.MapGrowthTest.mutableScalaPut,0,0,,
eclipse-collections,org.eclipse.collections.impl.jmh.map.ScalaAnyRefMapGetTest.get,0,0,,
eclipse-collections,org.eclipse.collections.impl.jmh.map.ScalaAnyRefMapPutTest.scalaAnyRef,0,0,,
eclipse-collections,org.eclipse.collections.impl.jmh.map.ScalaImmutableMapGetTest.get,0,0,,
eclipse-collections,org.eclipse.collections.impl.jmh.map.ScalaMutableMapGetTest.get,0,0,,
eclipse-collections,org.eclipse.collections.impl.jmh.map.TroveMapPutTest.trove,0,0,,
eclipse-collections,org.eclipse.collections.impl.jmh.map.TroveMutableMapGetTest.get,0,0,,
eclipse-collections,org.eclipse.collections.impl.jmh.set.sorted.SortedSetContainsTest.contains_immutable_ec,0,0,,
eclipse-collections,org.eclipse.collections.impl.jmh.set.sorted.SortedSetContainsTest.contains_immutable_scala,0,0,,
eclipse-collections,org.eclipse.collections.impl.jmh.set.sorted.SortedSetContainsTest.contains_mutable_ec,0,0,,
eclipse-collections,org.eclipse.collections.impl.jmh.set.sorted.SortedSetContainsTest.contains_mutable_scala,0,0,,
eclipse-collections,org.eclipse.collections.impl.jmh.set.sorted.SortedSetIterationTest.parallel_immutable_ec,0,0,,
eclipse-collections,org.eclipse.collections.impl.jmh.set.sorted.SortedSetIterationTest.parallel_immutable_scala,0,0,,
eclipse-collections,org.eclipse.collections.impl.jmh.set.sorted.SortedSetIterationTest.parallel_mutable_ec,0,0,,
eclipse-collections,org.eclipse.collections.impl.jmh.set.sorted.SortedSetIterationTest.parallel_mutable_scala,0,0,,
eclipse-collections,org.eclipse.collections.impl.jmh.set.sorted.SortedSetIterationTest.serial_immutable_ec,0,0,,
eclipse-collections,org.eclipse.collections.impl.jmh.set.sorted.SortedSetIterationTest.serial_immutable_scala,0,0,,
eclipse-collections,org.eclipse.collections.impl.jmh.set.sorted.SortedSetIterationTest.serial_mutable_ec,0,0,,
eclipse-collections,org.eclipse.collections.impl.jmh.set.sorted.SortedSetIterationTest.serial_mutable_scala,0,0,,
